REPO_EXAMPLE_ID  ,NAME  ,OWNER  ,URL  ,DATABASE_CONNECTION  ,DOCKERFILE  ,LOGS_SERVICE  ,MESSAGING  ,MICROSERVICE_MENTION  ,RESTFUL  ,SOAP  ,ALL_CONTENTS_NUMBER  ,FILES  ,SIZE  ,DATABASE_SERVICES  ,PROGRAMMING_LANGUAGES  ,LOG_SERVICES  ,MESSAGING_SERVICES  ,DOCKERFILES  ,MICROSERVICE  ,MICROSERVICE_SET  
1,robot-shop,instana,https://github.com/instana/robot-shop,TRUE,TRUE,TRUE,TRUE,TRUE,TRUE,FALSE,218,171,105596,4,5,1,0,33,TRUE,TRUE
2,conductor,Netflix,https://github.com/Netflix/conductor,TRUE,TRUE,TRUE,TRUE,TRUE,TRUE,FALSE,1710,1133,30199,5,4,0,0,24,TRUE,TRUE
3,titus-control-plane,Netflix,https://github.com/Netflix/titus-control-plane,TRUE,TRUE,FALSE,TRUE,FALSE,TRUE,FALSE,3629,2484,37883,1,1,0,1,12,TRUE,FALSE
4,genie,Netflix,https://github.com/Netflix/genie,TRUE,TRUE,TRUE,TRUE,FALSE,TRUE,FALSE,2246,1580,205313,3,4,0,0,14,TRUE,TRUE
5,cadence,uber,https://github.com/uber/cadence,TRUE,TRUE,TRUE,TRUE,TRUE,TRUE,FALSE,1935,1574,61643,14,1,0,0,39,TRUE,FALSE
6,microservices-demo,microservices-demo,https://github.com/microservices-demo/microservices-demo,TRUE,TRUE,TRUE,TRUE,TRUE,TRUE,FALSE,224,197,54208,6,2,3,0,14,TRUE,TRUE
7,platform-launcher,Open-IoT-Service-Platform,https://github.com/Open-IoT-Service-Platform/platform-launcher,TRUE,TRUE,FALSE,TRUE,FALSE,TRUE,FALSE,199,147,1915,3,2,0,0,25,TRUE,TRUE
9,consumerfinance.gov,cfpb,https://github.com/cfpb/consumerfinance.gov,TRUE,TRUE,TRUE,TRUE,FALSE,TRUE,FALSE,3856,3257,2088064,1,2,1,0,30,TRUE,FALSE
11,paasta,Yelp,https://github.com/Yelp/paasta,TRUE,TRUE,TRUE,TRUE,FALSE,TRUE,FALSE,1110,990,91068,1,1,0,0,147,TRUE,FALSE
12,kafka-utils,Yelp,https://github.com/Yelp/kafka-utils,TRUE,TRUE,FALSE,TRUE,FALSE,TRUE,FALSE,242,209,2725,1,1,0,0,4,TRUE,FALSE
13,task_processing,Yelp,https://github.com/Yelp/task_processing,TRUE,TRUE,FALSE,TRUE,FALSE,TRUE,FALSE,158,129,37965,1,1,0,0,17,TRUE,FALSE
14,casper,Yelp,https://github.com/Yelp/casper,TRUE,TRUE,TRUE,FALSE,FALSE,TRUE,FALSE,118,90,1131,1,2,1,0,8,TRUE,FALSE
15,Burrow,linkedin,https://github.com/linkedin/Burrow,TRUE,TRUE,FALSE,TRUE,FALSE,TRUE,FALSE,102,87,999,1,1,0,0,10,TRUE,FALSE
16,datahub,datahub-project,https://github.com/datahub-project/datahub,TRUE,TRUE,TRUE,TRUE,FALSE,TRUE,FALSE,7311,5486,1283210,31,5,2,0,188,TRUE,TRUE
17,integrations-core,DataDog,https://github.com/DataDog/integrations-core,TRUE,TRUE,TRUE,TRUE,FALSE,TRUE,TRUE,10321,7833,211947,2,12,0,0,538,TRUE,TRUE
18,dd-trace-rb,DataDog,https://github.com/DataDog/dd-trace-rb,TRUE,TRUE,TRUE,TRUE,FALSE,TRUE,FALSE,3194,2535,59808,5,4,0,0,76,TRUE,TRUE
19,dd-trace-dotnet,DataDog,https://github.com/DataDog/dd-trace-dotnet,FALSE,FALSE,FALSE,FALSE,FALSE,FALSE,TRUE,9372,8072,110911,0,9,0,0,0,TRUE,FALSE
20,integrations-extras,DataDog,https://github.com/DataDog/integrations-extras,TRUE,TRUE,TRUE,TRUE,FALSE,TRUE,FALSE,3668,2650,180366,8,4,1,0,132,TRUE,TRUE
21,trace-examples,DataDog,https://github.com/DataDog/trace-examples,TRUE,TRUE,TRUE,TRUE,TRUE,TRUE,FALSE,1211,879,101231,12,7,0,0,48,TRUE,TRUE
22,eShopOnContainers,dotnet-architecture,https://github.com/dotnet-architecture/eShopOnContainers,TRUE,TRUE,TRUE,TRUE,TRUE,TRUE,TRUE,1864,1465,658257,6,3,5,0,77,TRUE,TRUE
23,xnat-docker-compose,NrgXnat,https://github.com/NrgXnat/xnat-docker-compose,TRUE,TRUE,FALSE,FALSE,FALSE,TRUE,FALSE,21,15,364,1,0,0,0,5,TRUE,FALSE
24,shuttle,square,https://github.com/square/shuttle,TRUE,TRUE,FALSE,TRUE,FALSE,TRUE,FALSE,2144,1707,11674,2,3,0,0,5,TRUE,TRUE
25,ignite,apache,https://github.com/apache/ignite,TRUE,TRUE,FALSE,TRUE,FALSE,TRUE,FALSE,18732,15769,442014,1,7,0,1,30,TRUE,FALSE
26,beam,apache,https://github.com/apache/beam,TRUE,TRUE,TRUE,TRUE,FALSE,TRUE,FALSE,17518,12046,411799,7,13,0,0,355,TRUE,TRUE
27,arrow,apache,https://github.com/apache/arrow,TRUE,TRUE,FALSE,TRUE,FALSE,TRUE,FALSE,7941,6930,154187,2,18,0,0,129,TRUE,TRUE
28,pulsar,apache,https://github.com/apache/pulsar,TRUE,TRUE,TRUE,TRUE,FALSE,TRUE,FALSE,7159,4925,181887,1,6,0,30,110,TRUE,FALSE
29,skywalking,apache,https://github.com/apache/skywalking,TRUE,TRUE,TRUE,TRUE,TRUE,TRUE,FALSE,5479,3193,167538,1,7,1,1,251,TRUE,FALSE
30,james-project,apache,https://github.com/apache/james-project,TRUE,TRUE,TRUE,TRUE,FALSE,TRUE,FALSE,13661,8790,110724,6,6,0,0,342,TRUE,TRUE
31,bookkeeper,apache,https://github.com/apache/bookkeeper,TRUE,TRUE,FALSE,TRUE,FALSE,TRUE,FALSE,4457,3164,89073,0,6,0,0,87,TRUE,FALSE
32,flink,apache,https://github.com/apache/flink,TRUE,TRUE,TRUE,TRUE,FALSE,TRUE,FALSE,26193,20273,492578,3,8,0,0,91,TRUE,TRUE
33,myfaces-tobago,apache,https://github.com/apache/myfaces-tobago,TRUE,TRUE,FALSE,TRUE,FALSE,TRUE,FALSE,2290,1736,100642,0,3,0,0,14,TRUE,FALSE
34,predictionio,apache,https://github.com/apache/predictionio,TRUE,TRUE,FALSE,TRUE,FALSE,TRUE,FALSE,1465,1017,36295,4,3,0,0,23,TRUE,TRUE
35,griffin,apache,https://github.com/apache/griffin,TRUE,TRUE,FALSE,TRUE,FALSE,TRUE,FALSE,832,648,28319,1,5,0,1,5,TRUE,FALSE
36,metron,apache,https://github.com/apache/metron,TRUE,TRUE,TRUE,TRUE,FALSE,TRUE,FALSE,4890,3185,97572,2,7,1,0,115,TRUE,TRUE
37,trafficcontrol,apache,https://github.com/apache/trafficcontrol,TRUE,TRUE,TRUE,TRUE,TRUE,TRUE,FALSE,7974,6347,122416,7,7,0,0,196,TRUE,TRUE
38,bigtable-autoscaler,spotify,https://github.com/spotify/bigtable-autoscaler,TRUE,TRUE,FALSE,TRUE,FALSE,TRUE,FALSE,122,92,1913,2,1,0,0,6,TRUE,FALSE
39,dockerized-magento,andreaskoch,https://github.com/andreaskoch/dockerized-magento,TRUE,TRUE,FALSE,FALSE,FALSE,TRUE,FALSE,63,41,2661,1,0,0,0,4,TRUE,FALSE
40,dockerize-magento2,arvatoSCM,https://github.com/arvatoSCM/dockerize-magento2,TRUE,TRUE,FALSE,FALSE,FALSE,TRUE,FALSE,26,17,26,2,0,0,0,5,TRUE,FALSE
41,docker-gitlab,sameersbn,https://github.com/sameersbn/docker-gitlab,TRUE,TRUE,FALSE,TRUE,FALSE,TRUE,FALSE,87,67,6702,2,1,0,0,24,TRUE,FALSE
42,InfraBox,SAP,https://github.com/SAP/InfraBox,TRUE,TRUE,FALSE,TRUE,FALSE,TRUE,FALSE,1001,757,19227,1,3,0,0,109,TRUE,FALSE
43,zammad-docker-compose,zammad,https://github.com/zammad/zammad-docker-compose,TRUE,TRUE,FALSE,TRUE,FALSE,TRUE,FALSE,29,22,333,3,0,0,0,10,TRUE,FALSE
45,reportportal,reportportal,https://github.com/reportportal/reportportal,TRUE,TRUE,FALSE,TRUE,TRUE,TRUE,FALSE,32,27,196588,3,0,0,0,6,TRUE,FALSE
46,archived-portal,onap,https://github.com/onap/archived-portal,TRUE,TRUE,FALSE,TRUE,TRUE,TRUE,FALSE,2809,2164,21601,2,3,0,0,26,TRUE,TRUE
47,portal-base,datosgobar,https://github.com/datosgobar/portal-base,TRUE,TRUE,FALSE,TRUE,FALSE,TRUE,FALSE,116,90,351,2,2,0,0,8,TRUE,TRUE
48,cbioportal,cBioPortal,https://github.com/cBioPortal/cbioportal,TRUE,TRUE,FALSE,TRUE,FALSE,TRUE,FALSE,3084,2715,438578,0,5,0,0,41,TRUE,FALSE
49,docker-compose,WeblateOrg,https://github.com/WeblateOrg/docker-compose,TRUE,TRUE,FALSE,TRUE,FALSE,TRUE,FALSE,45,42,330,2,0,0,0,16,TRUE,FALSE
50,Docker-CommunityServer,ONLYOFFICE,https://github.com/ONLYOFFICE/Docker-CommunityServer,TRUE,TRUE,TRUE,FALSE,FALSE,TRUE,FALSE,24,17,454,1,0,0,0,8,TRUE,FALSE
51,server,owncloud-docker,https://github.com/owncloud-docker/server,TRUE,TRUE,FALSE,FALSE,FALSE,TRUE,FALSE,17,13,677,1,0,0,0,8,TRUE,FALSE
52,zally,zalando,https://github.com/zalando/zally,TRUE,TRUE,FALSE,TRUE,FALSE,TRUE,FALSE,629,464,12049,1,3,0,0,6,TRUE,FALSE
53,listenbrainz-server,metabrainz,https://github.com/metabrainz/listenbrainz-server,TRUE,TRUE,FALSE,TRUE,FALSE,TRUE,FALSE,1601,1373,26486,8,3,0,0,46,TRUE,TRUE
54,tidb-docker-compose,pingcap,https://github.com/pingcap/tidb-docker-compose,TRUE,TRUE,FALSE,TRUE,FALSE,TRUE,FALSE,88,64,301,22,1,0,0,11,TRUE,FALSE
55,terminus,ansjin,https://github.com/ansjin/terminus,TRUE,TRUE,TRUE,TRUE,TRUE,TRUE,FALSE,1357,1135,9333,9,3,4,0,30,TRUE,TRUE
56,stratos,cloudfoundry,https://github.com/cloudfoundry/stratos,TRUE,TRUE,TRUE,TRUE,FALSE,TRUE,FALSE,4838,3955,103536,0,3,0,0,120,TRUE,FALSE
57,docker-shop-suite,spryker,https://github.com/spryker/docker-shop-suite,TRUE,TRUE,FALSE,TRUE,FALSE,TRUE,FALSE,86,73,279,3,1,0,0,11,TRUE,FALSE
58,devicehive-docker,devicehive,https://github.com/devicehive/devicehive-docker,TRUE,TRUE,FALSE,TRUE,FALSE,TRUE,FALSE,80,71,735,5,0,0,0,11,TRUE,FALSE
59,redaxo-mit-docker,FriendsOfREDAXO,https://github.com/FriendsOfREDAXO/redaxo-mit-docker,TRUE,TRUE,FALSE,FALSE,FALSE,TRUE,FALSE,12,10,1839,1,0,0,0,4,TRUE,FALSE
60,docker-ckan,okfn,https://github.com/okfn/docker-ckan,TRUE,TRUE,FALSE,TRUE,FALSE,TRUE,FALSE,76,49,198,2,1,0,0,24,TRUE,FALSE
61,drupal-docker-compose,adaptdk,https://github.com/adaptdk/drupal-docker-compose,TRUE,TRUE,FALSE,FALSE,FALSE,TRUE,FALSE,34,27,34,4,1,0,0,19,TRUE,FALSE
62,drupal-docker,theodorosploumis,https://github.com/theodorosploumis/drupal-docker,TRUE,TRUE,FALSE,FALSE,FALSE,TRUE,FALSE,11,8,44,1,1,0,0,6,TRUE,FALSE
63,open_fmri,poldracklab,https://github.com/poldracklab/open_fmri,TRUE,TRUE,FALSE,TRUE,FALSE,TRUE,FALSE,182,164,3512,1,2,0,1,7,TRUE,FALSE
64,node-seneca-base,eoinsha,https://github.com/eoinsha/node-seneca-base,FALSE,TRUE,FALSE,TRUE,TRUE,TRUE,FALSE,24,20,6,0,1,0,1,2,TRUE,FALSE
65,docker-compose-drupal,Mogtofu33,https://github.com/Mogtofu33/docker-compose-drupal,TRUE,TRUE,FALSE,TRUE,FALSE,TRUE,FALSE,256,226,6606,3,3,0,0,34,TRUE,TRUE
66,inspire-next,inspirehep,https://github.com/inspirehep/inspire-next,TRUE,TRUE,FALSE,TRUE,FALSE,TRUE,FALSE,1210,963,98320,6,3,0,0,18,TRUE,TRUE
67,docker-rabbitmq-cluster,pardahlman,https://github.com/pardahlman/docker-rabbitmq-cluster,TRUE,TRUE,FALSE,TRUE,FALSE,TRUE,FALSE,5,5,5,3,0,0,0,2,TRUE,FALSE
69,kafka-stack-docker-compose,conduktor,https://github.com/conduktor/kafka-stack-docker-compose,TRUE,TRUE,FALSE,TRUE,FALSE,TRUE,FALSE,15,13,141,7,0,0,0,9,TRUE,FALSE
70,cms-docker,cms-sw,https://github.com/cms-sw/cms-docker,TRUE,TRUE,FALSE,FALSE,FALSE,TRUE,FALSE,129,108,1355,1,2,0,0,32,TRUE,FALSE
71,bitrixdock,bitrixdock,https://github.com/bitrixdock/bitrixdock,TRUE,TRUE,FALSE,FALSE,FALSE,TRUE,TRUE,64,42,494,1,1,0,0,6,TRUE,FALSE
73,cortex-starter,cortex-cms,https://github.com/cortex-cms/cortex-starter,TRUE,TRUE,FALSE,FALSE,FALSE,TRUE,FALSE,180,136,206,2,2,0,0,5,TRUE,TRUE
75,geonode,GeoNode,https://github.com/GeoNode/geonode,TRUE,TRUE,TRUE,TRUE,FALSE,TRUE,FALSE,3428,2836,457939,2,3,0,0,32,TRUE,TRUE
76,website,jazzband,https://github.com/jazzband/website,TRUE,TRUE,FALSE,TRUE,FALSE,TRUE,FALSE,259,223,6016,2,2,0,0,3,TRUE,TRUE
77,fast-data-connect-cluster,lensesio,https://github.com/lensesio/fast-data-connect-cluster,TRUE,TRUE,FALSE,TRUE,FALSE,TRUE,FALSE,5,5,13,2,0,0,0,1,TRUE,FALSE
78,fragalysis-stack,xchem,https://github.com/xchem/fragalysis-stack,TRUE,TRUE,FALSE,FALSE,FALSE,TRUE,FALSE,13,11,711,2,0,0,0,3,TRUE,FALSE
79,docker-compose-lamp,sprintcube,https://github.com/sprintcube/docker-compose-lamp,TRUE,TRUE,FALSE,FALSE,FALSE,TRUE,FALSE,68,39,243,2,1,0,0,16,TRUE,FALSE
80,docker-compose-tick-stack,mgcrea,https://github.com/mgcrea/docker-compose-tick-stack,TRUE,TRUE,FALSE,TRUE,FALSE,TRUE,FALSE,25,17,29,1,0,0,0,5,TRUE,FALSE
81,node-docker-compose,damsonn,https://github.com/damsonn/node-docker-compose,TRUE,TRUE,FALSE,FALSE,FALSE,TRUE,FALSE,32,24,15,1,1,0,0,9,TRUE,FALSE
82,devilbox,cytopia,https://github.com/cytopia/devilbox,TRUE,TRUE,TRUE,TRUE,TRUE,TRUE,TRUE,9873,8604,50133,5,2,2,0,195,TRUE,TRUE
84,st2-docker,StackStorm,https://github.com/StackStorm/st2-docker,TRUE,TRUE,FALSE,TRUE,FALSE,TRUE,FALSE,34,25,592,3,1,0,0,9,TRUE,FALSE
85,cote-workshop,dashersw,https://github.com/dashersw/cote-workshop,TRUE,TRUE,FALSE,FALSE,FALSE,TRUE,FALSE,30,26,128,3,1,0,0,4,TRUE,FALSE
86,reactive-interaction-gateway,Accenture,https://github.com/Accenture/reactive-interaction-gateway,TRUE,TRUE,TRUE,TRUE,TRUE,TRUE,FALSE,647,507,19359,4,4,1,0,34,TRUE,TRUE
87,compose-services,uc-cdis,https://github.com/uc-cdis/compose-services,TRUE,TRUE,TRUE,TRUE,TRUE,TRUE,FALSE,133,123,983,2,1,1,0,18,TRUE,FALSE
88,flask-microservices-main,testdrivenio,https://github.com/testdrivenio/flask-microservices-main,TRUE,TRUE,FALSE,FALSE,TRUE,TRUE,FALSE,28,25,57,2,1,0,0,4,TRUE,FALSE
89,microservice-demo,nklmish,https://github.com/nklmish/microservice-demo,TRUE,TRUE,FALSE,TRUE,TRUE,TRUE,FALSE,170,82,380,1,2,0,1,22,TRUE,FALSE
90,spring-cloud-microservice-example,kbastani,https://github.com/kbastani/spring-cloud-microservice-example,TRUE,TRUE,FALSE,TRUE,TRUE,TRUE,FALSE,182,90,3306,1,1,0,1,11,TRUE,FALSE
91,spring-boot-microservices-series,sivaprasadreddy,https://github.com/sivaprasadreddy/spring-boot-microservices-series,TRUE,TRUE,TRUE,TRUE,TRUE,TRUE,FALSE,306,147,178,2,2,2,0,11,TRUE,TRUE
92,microservices-examples,cer,https://github.com/cer/microservices-examples,TRUE,TRUE,TRUE,TRUE,TRUE,TRUE,FALSE,178,97,134,2,3,1,0,16,TRUE,TRUE
93,microservice,ewolff,https://github.com/ewolff/microservice,FALSE,TRUE,TRUE,TRUE,TRUE,TRUE,FALSE,224,114,291,0,1,1,0,15,TRUE,FALSE
94,java-microservice,apssouza22,https://github.com/apssouza22/java-microservice,TRUE,TRUE,TRUE,TRUE,TRUE,TRUE,FALSE,393,240,777,1,1,0,0,24,TRUE,FALSE
95,microservice-movies,mjhea0,https://github.com/mjhea0/microservice-movies,TRUE,TRUE,FALSE,FALSE,TRUE,TRUE,FALSE,133,102,920,4,1,0,0,12,TRUE,FALSE
96,microservices-nginx-gateway,launchany,https://github.com/launchany/microservices-nginx-gateway,TRUE,TRUE,FALSE,FALSE,TRUE,TRUE,FALSE,6,6,3,0,0,0,0,1,TRUE,FALSE
97,composing-microservices-with-sbt-docker,markglh,https://github.com/markglh/composing-microservices-with-sbt-docker,TRUE,TRUE,FALSE,FALSE,TRUE,TRUE,FALSE,80,44,272,5,1,0,0,9,TRUE,FALSE
98,ftgo-application,microservices-patterns,https://github.com/microservices-patterns/ftgo-application,TRUE,TRUE,TRUE,TRUE,TRUE,TRUE,FALSE,967,505,1454,5,4,1,1,53,TRUE,TRUE
99,blog-microservices,callistaenterprise,https://github.com/callistaenterprise/blog-microservices,TRUE,TRUE,TRUE,TRUE,TRUE,TRUE,FALSE,384,165,1204,1,1,3,0,28,TRUE,FALSE
100,spring-petclinic-microservices,spring-petclinic,https://github.com/spring-petclinic/spring-petclinic-microservices,TRUE,TRUE,TRUE,TRUE,TRUE,TRUE,FALSE,352,176,7355,1,2,1,0,19,TRUE,FALSE
101,vertx-blueprint-microservice,sczyh30,https://github.com/sczyh30/vertx-blueprint-microservice,TRUE,TRUE,TRUE,TRUE,TRUE,TRUE,FALSE,474,233,1877,3,2,2,0,16,TRUE,TRUE
102,Roothub,miansen,https://github.com/miansen/Roothub,TRUE,FALSE,FALSE,TRUE,FALSE,TRUE,FALSE,1417,1060,64651,1,2,0,1,0,FALSE,FALSE
103,invoice,huanglu20124,https://github.com/huanglu20124/invoice,TRUE,FALSE,FALSE,FALSE,FALSE,TRUE,FALSE,229,192,78906,1,2,0,0,0,FALSE,FALSE
104,Dendrite,Lab41,https://github.com/Lab41/Dendrite,TRUE,TRUE,FALSE,TRUE,FALSE,TRUE,FALSE,513,370,6344,1,5,0,1,1,FALSE,FALSE
105,parsevip,pibigstar,https://github.com/pibigstar/parsevip,TRUE,TRUE,FALSE,FALSE,FALSE,TRUE,FALSE,513,423,17409,1,1,0,0,1,FALSE,FALSE
106,OCR4all,OCR4all,https://github.com/OCR4all/OCR4all,FALSE,TRUE,FALSE,TRUE,FALSE,TRUE,FALSE,186,147,4629,0,2,0,1,5,FALSE,FALSE
107,EasyCMS,moocss,https://github.com/moocss/EasyCMS,TRUE,FALSE,FALSE,FALSE,FALSE,TRUE,FALSE,331,276,10180,1,2,0,0,0,FALSE,FALSE
108,javaEEScaffold,Vino007,https://github.com/Vino007/javaEEScaffold,TRUE,FALSE,FALSE,FALSE,FALSE,TRUE,FALSE,1357,1106,7221,1,3,0,0,0,FALSE,FALSE
109,GdeiAssistant,GdeiAssistant,https://github.com/GdeiAssistant/GdeiAssistant,TRUE,FALSE,FALSE,FALSE,FALSE,TRUE,FALSE,1428,1007,21919,1,2,0,0,0,FALSE,FALSE
110,seppb,purang-fintech,https://github.com/purang-fintech/seppb,TRUE,FALSE,FALSE,TRUE,FALSE,TRUE,FALSE,782,500,658,1,1,0,1,0,FALSE,FALSE
111,kafkawize,muralibasani,https://github.com/muralibasani/kafkawize,TRUE,TRUE,FALSE,TRUE,FALSE,TRUE,FALSE,966,870,31767,1,2,0,1,6,FALSE,FALSE
112,Educational-management,qianqianjun,https://github.com/qianqianjun/Educational-management,TRUE,FALSE,FALSE,FALSE,FALSE,TRUE,FALSE,348,310,5305,1,1,0,0,0,FALSE,FALSE
113,movie-boot,wsk1103,https://github.com/wsk1103/movie-boot,TRUE,FALSE,FALSE,FALSE,FALSE,TRUE,FALSE,536,422,47105,1,2,0,0,0,FALSE,FALSE
114,bootplus,JoeyBling,https://github.com/JoeyBling/bootplus,TRUE,TRUE,FALSE,TRUE,FALSE,TRUE,FALSE,1184,946,41873,1,2,0,1,1,FALSE,FALSE
116,travel.b2b,justinscript,https://github.com/justinscript/travel.b2b,TRUE,FALSE,TRUE,TRUE,FALSE,TRUE,TRUE,1793,1486,30388,1,4,1,1,0,FALSE,FALSE
117,JavaOJSystem,superman544,https://github.com/superman544/JavaOJSystem,TRUE,FALSE,FALSE,FALSE,FALSE,TRUE,FALSE,842,658,6748,1,2,0,0,0,FALSE,FALSE
118,danyuan-application,514840279,https://github.com/514840279/danyuan-application,TRUE,TRUE,FALSE,FALSE,FALSE,TRUE,FALSE,2111,1673,44783,1,1,0,0,3,FALSE,FALSE
119,baicai,iminto,https://github.com/iminto/baicai,TRUE,FALSE,FALSE,FALSE,FALSE,TRUE,FALSE,577,465,23464,1,2,0,0,0,FALSE,FALSE
120,openspecimen,krishagni,https://github.com/krishagni/openspecimen,TRUE,FALSE,FALSE,TRUE,FALSE,TRUE,FALSE,3491,3156,1365178,1,2,0,1,0,FALSE,FALSE
121,shopping.plat,justinscript,https://github.com/justinscript/shopping.plat,TRUE,FALSE,FALSE,FALSE,FALSE,TRUE,FALSE,865,719,7726,1,2,0,0,0,FALSE,FALSE
122,nginxWebUI,cym1102,https://github.com/cym1102/nginxWebUI,TRUE,TRUE,FALSE,FALSE,FALSE,TRUE,FALSE,800,694,92407,1,2,0,0,8,FALSE,FALSE
123,biliob_backend,Jannchie,https://github.com/Jannchie/biliob_backend,TRUE,FALSE,FALSE,FALSE,FALSE,TRUE,FALSE,262,228,1575,1,1,0,0,0,FALSE,FALSE
124,eeg-database,INCF,https://github.com/INCF/eeg-database,TRUE,FALSE,FALSE,TRUE,FALSE,TRUE,TRUE,2816,2471,168168,1,2,0,1,0,FALSE,FALSE
125,SDIMS,Lotharing,https://github.com/Lotharing/SDIMS,TRUE,FALSE,FALSE,FALSE,FALSE,TRUE,FALSE,291,231,833,1,2,0,0,0,FALSE,FALSE
126,kanban-app,kanban,https://github.com/kanban/kanban-app,TRUE,FALSE,FALSE,FALSE,FALSE,TRUE,FALSE,369,302,1380,1,2,0,0,0,FALSE,FALSE
127,BlogManagePlatform,Frodez,https://github.com/Frodez/BlogManagePlatform,TRUE,FALSE,FALSE,TRUE,FALSE,TRUE,FALSE,532,370,20188,1,1,0,1,0,FALSE,FALSE
128,ExamSystem,finallysmile3,https://github.com/finallysmile3/ExamSystem,TRUE,FALSE,FALSE,TRUE,FALSE,TRUE,FALSE,1343,1174,46351,1,1,0,1,0,FALSE,FALSE
129,login-server,cloudfoundry-attic,https://github.com/cloudfoundry-attic/login-server,TRUE,FALSE,FALSE,TRUE,FALSE,TRUE,FALSE,292,230,7777,1,3,0,1,0,FALSE,FALSE
130,atlas,atlasapi,https://github.com/atlasapi/atlas,TRUE,TRUE,FALSE,TRUE,FALSE,TRUE,TRUE,2631,2225,379774,1,3,0,1,1,FALSE,FALSE
131,metasfresh-webui-api-legacy,metasfresh,https://github.com/metasfresh/metasfresh-webui-api-legacy,TRUE,TRUE,TRUE,TRUE,FALSE,TRUE,FALSE,1383,1112,12153,1,2,1,1,5,FALSE,FALSE
132,smh2,tangdu,https://github.com/tangdu/smh2,TRUE,FALSE,FALSE,TRUE,FALSE,TRUE,FALSE,6848,6177,92244,1,2,0,1,0,FALSE,FALSE
133,jwxt,qiao-zhi,https://github.com/qiao-zhi/jwxt,TRUE,FALSE,FALSE,TRUE,FALSE,TRUE,TRUE,1452,1254,25888,1,2,0,1,0,FALSE,FALSE
134,kettle-master,jiangzongyao,https://github.com/jiangzongyao/kettle-master,TRUE,FALSE,FALSE,TRUE,FALSE,TRUE,FALSE,474,362,3313,1,2,0,1,0,FALSE,FALSE
135,mateo,jdmr,https://github.com/jdmr/mateo,TRUE,FALSE,FALSE,FALSE,FALSE,TRUE,FALSE,1579,1309,13726,1,2,0,0,0,FALSE,FALSE
136,movision,shuxianfeng,https://github.com/shuxianfeng/movision,TRUE,FALSE,FALSE,TRUE,FALSE,TRUE,FALSE,1801,1073,33626,1,2,0,1,0,FALSE,FALSE
137,university-site-cms,leluque,https://github.com/leluque/university-site-cms,TRUE,FALSE,FALSE,TRUE,FALSE,TRUE,FALSE,2080,1666,35037,1,2,0,1,0,FALSE,FALSE
138,uzy-ssm-mall,ghostxbh,https://github.com/ghostxbh/uzy-ssm-mall,TRUE,TRUE,FALSE,FALSE,FALSE,TRUE,FALSE,354,301,16377,1,2,0,0,1,FALSE,FALSE
139,OGP2,OpenGeoportal,https://github.com/OpenGeoportal/OGP2,TRUE,FALSE,FALSE,TRUE,FALSE,TRUE,FALSE,1355,1226,134850,1,4,0,1,0,FALSE,FALSE
140,hammer,litblank,https://github.com/litblank/hammer,TRUE,TRUE,FALSE,TRUE,FALSE,TRUE,FALSE,682,495,2014,1,1,0,1,1,FALSE,FALSE
141,agile-service-old,choerodon,https://github.com/choerodon/agile-service-old,TRUE,TRUE,FALSE,TRUE,TRUE,TRUE,FALSE,2623,2211,10605,0,3,0,0,3,FALSE,FALSE
142,cmop,kai8406,https://github.com/kai8406/cmop,TRUE,FALSE,FALSE,FALSE,FALSE,TRUE,FALSE,558,435,17904,1,2,0,0,0,FALSE,FALSE
143,glider,gliderwiki,https://github.com/gliderwiki/glider,TRUE,FALSE,FALSE,TRUE,FALSE,TRUE,FALSE,997,797,64298,1,2,0,1,0,FALSE,FALSE
144,form_flow,hslooooooool,https://github.com/hslooooooool/form_flow,TRUE,FALSE,FALSE,FALSE,FALSE,TRUE,TRUE,1764,1449,6827,1,2,0,0,0,FALSE,FALSE
145,mNet,mozammel,https://github.com/mozammel/mNet,TRUE,FALSE,FALSE,FALSE,FALSE,TRUE,FALSE,429,349,2666,1,2,0,0,0,FALSE,FALSE
146,api-manager,easy30,https://github.com/easy30/api-manager,TRUE,FALSE,FALSE,FALSE,FALSE,TRUE,FALSE,411,327,20312,1,1,0,0,0,FALSE,FALSE
147,kd-second-hand-workshop,lvr1997,https://github.com/lvr1997/kd-second-hand-workshop,TRUE,FALSE,FALSE,FALSE,FALSE,TRUE,FALSE,435,371,8899,1,2,0,0,0,FALSE,FALSE
148,CBoard-boot,Ryan--Yang,https://github.com/Ryan--Yang/CBoard-boot,TRUE,TRUE,FALSE,TRUE,FALSE,TRUE,FALSE,2826,2420,17412,0,3,0,0,1,FALSE,FALSE
149,P2Pproj,GZzzhsmart,https://github.com/GZzzhsmart/P2Pproj,TRUE,FALSE,FALSE,FALSE,FALSE,TRUE,TRUE,4170,3629,98217,1,2,0,0,0,FALSE,FALSE
150,dime-server,HIIT,https://github.com/HIIT/dime-server,TRUE,TRUE,FALSE,FALSE,FALSE,TRUE,FALSE,210,174,97425,1,2,0,0,5,FALSE,FALSE
151,Weixin_Server,doooyo,https://github.com/doooyo/Weixin_Server,TRUE,FALSE,FALSE,FALSE,FALSE,TRUE,FALSE,1152,925,4538,1,2,0,0,0,FALSE,FALSE
152,my-paper,justinbaby,https://github.com/justinbaby/my-paper,TRUE,FALSE,FALSE,FALSE,FALSE,TRUE,FALSE,1827,1618,67396,1,2,0,0,0,FALSE,FALSE
153,core-data,edgexfoundry,https://github.com/edgexfoundry/core-data,TRUE,TRUE,FALSE,TRUE,TRUE,TRUE,FALSE,92,63,135,1,1,0,1,6,FALSE,FALSE
154,online-judge,mofadeyunduo,https://github.com/mofadeyunduo/online-judge,TRUE,TRUE,FALSE,FALSE,FALSE,TRUE,FALSE,343,260,32227,1,3,0,0,3,FALSE,FALSE
155,cjs_ssms,MiniPa,https://github.com/MiniPa/cjs_ssms,TRUE,FALSE,FALSE,FALSE,FALSE,TRUE,TRUE,3525,3166,6101,1,1,0,0,0,FALSE,FALSE
156,online-whatif,AURIN,https://github.com/AURIN/online-whatif,TRUE,FALSE,FALSE,FALSE,FALSE,TRUE,FALSE,632,508,23621,1,1,0,0,0,FALSE,FALSE
157,fishmaple,fishstormX,https://github.com/fishstormX/fishmaple,TRUE,FALSE,FALSE,FALSE,FALSE,TRUE,TRUE,733,630,5237,1,2,0,0,0,FALSE,FALSE
158,ods-provisioning-app,opendevstack,https://github.com/opendevstack/ods-provisioning-app,FALSE,TRUE,FALSE,TRUE,FALSE,TRUE,TRUE,564,433,3363,0,3,0,1,12,FALSE,FALSE
159,parabank,parasoft,https://github.com/parasoft/parabank,TRUE,TRUE,FALSE,FALSE,FALSE,TRUE,FALSE,596,502,13074,1,2,0,0,2,FALSE,FALSE
160,IdentityRegistry,maritimeconnectivity,https://github.com/maritimeconnectivity/IdentityRegistry,TRUE,TRUE,FALSE,FALSE,FALSE,TRUE,FALSE,260,211,4170,1,1,0,0,2,FALSE,FALSE
161,youkefu,zhangyanbo2007,https://github.com/zhangyanbo2007/youkefu,TRUE,FALSE,FALSE,TRUE,FALSE,TRUE,FALSE,3066,2692,5,1,2,0,1,0,FALSE,FALSE
163,active4j-flow,yunchaoyun,https://github.com/yunchaoyun/active4j-flow,TRUE,TRUE,FALSE,FALSE,FALSE,TRUE,FALSE,1547,1214,6235,1,2,0,0,8,FALSE,FALSE
164,Yark-AdminMS,yorkmass,https://github.com/yorkmass/Yark-AdminMS,TRUE,FALSE,FALSE,FALSE,FALSE,TRUE,FALSE,593,501,41303,1,2,0,0,0,FALSE,FALSE
165,EMAS,vector1989,https://github.com/vector1989/EMAS,TRUE,FALSE,FALSE,FALSE,FALSE,TRUE,FALSE,2563,2200,145156,1,2,0,0,0,FALSE,FALSE
166,poet_ready_system,cmyang-it,https://github.com/cmyang-it/poet_ready_system,TRUE,FALSE,FALSE,FALSE,FALSE,TRUE,FALSE,397,302,1642,1,2,0,0,0,FALSE,FALSE
167,EUSURVEY,EUSurvey,https://github.com/EUSurvey/EUSURVEY,TRUE,TRUE,FALSE,TRUE,FALSE,TRUE,FALSE,2645,2480,132789,1,3,0,0,1,FALSE,FALSE
168,steamMall,suyeq,https://github.com/suyeq/steamMall,TRUE,FALSE,FALSE,TRUE,FALSE,TRUE,FALSE,497,427,6423,1,2,0,1,0,FALSE,FALSE
169,noah-health,zlren,https://github.com/zlren/noah-health,TRUE,FALSE,FALSE,FALSE,FALSE,TRUE,FALSE,128,97,320,1,1,0,0,0,FALSE,FALSE
170,TutesMessanger,Prasad108,https://github.com/Prasad108/TutesMessanger,TRUE,TRUE,FALSE,FALSE,FALSE,TRUE,FALSE,616,513,6773,1,2,0,0,1,FALSE,FALSE
171,circle_web,busing,https://github.com/busing/circle_web,TRUE,FALSE,FALSE,FALSE,FALSE,TRUE,FALSE,793,612,30032,1,2,0,0,0,FALSE,FALSE
172,udaLib,UDA-EJIE,https://github.com/UDA-EJIE/udaLib,TRUE,FALSE,FALSE,FALSE,FALSE,TRUE,FALSE,578,472,13882,1,1,0,0,0,FALSE,FALSE
174,delivery,khasang,https://github.com/khasang/delivery,TRUE,FALSE,FALSE,FALSE,FALSE,TRUE,TRUE,352,282,7443,1,2,0,0,0,FALSE,FALSE
176,oztrack,uq-eresearch,https://github.com/uq-eresearch/oztrack,TRUE,FALSE,FALSE,TRUE,FALSE,TRUE,FALSE,1157,989,9225,1,3,0,1,0,FALSE,FALSE
177,live-server,wang007,https://github.com/wang007/live-server,TRUE,FALSE,FALSE,FALSE,FALSE,TRUE,FALSE,1826,1634,6130,1,3,0,0,0,FALSE,FALSE
178,paladin-boot,zxwgdft,https://github.com/zxwgdft/paladin-boot,TRUE,TRUE,FALSE,FALSE,FALSE,TRUE,TRUE,1972,1680,98169,1,2,0,0,2,FALSE,FALSE
179,byte_easy,shenshaoming,https://github.com/shenshaoming/byte_easy,TRUE,FALSE,FALSE,TRUE,FALSE,TRUE,TRUE,1629,1399,13242,1,3,0,1,0,FALSE,FALSE
180,business-process-service,nimble-platform,https://github.com/nimble-platform/business-process-service,TRUE,TRUE,TRUE,TRUE,TRUE,TRUE,FALSE,402,320,2987,1,1,1,1,4,FALSE,FALSE
181,uni,codemky,https://github.com/codemky/uni,TRUE,FALSE,FALSE,FALSE,FALSE,TRUE,FALSE,809,720,1450,1,1,0,0,0,FALSE,FALSE
182,SwiftRiver-API,ushahidi,https://github.com/ushahidi/SwiftRiver-API,TRUE,FALSE,FALSE,TRUE,FALSE,TRUE,FALSE,418,352,1481,1,1,0,1,0,FALSE,FALSE
183,lv257,softservedata,https://github.com/softservedata/lv257,TRUE,FALSE,FALSE,FALSE,FALSE,TRUE,FALSE,340,290,35610,1,2,0,0,0,FALSE,FALSE
184,aramcomp,aramsoft,https://github.com/aramsoft/aramcomp,TRUE,FALSE,FALSE,FALSE,FALSE,TRUE,FALSE,1986,1482,21087,1,4,0,0,0,FALSE,FALSE
185,Warehouse-system,bao17634,https://github.com/bao17634/Warehouse-system,TRUE,FALSE,FALSE,FALSE,FALSE,TRUE,FALSE,611,531,1711,1,2,0,0,0,FALSE,FALSE
186,membership,shigenwang,https://github.com/shigenwang/membership,TRUE,FALSE,TRUE,FALSE,FALSE,TRUE,FALSE,312,264,60199,1,2,1,0,0,FALSE,FALSE
187,seb-server,SafeExamBrowser,https://github.com/SafeExamBrowser/seb-server,TRUE,TRUE,FALSE,TRUE,FALSE,TRUE,FALSE,1353,1171,19638,1,2,0,1,6,FALSE,FALSE
188,jeecg-bpm-3.8,Seenck,https://github.com/Seenck/jeecg-bpm-3.8,TRUE,FALSE,FALSE,FALSE,FALSE,TRUE,TRUE,8989,7280,30635,1,7,0,0,0,FALSE,FALSE
189,GraffiTab-Backend,GraffiTab,https://github.com/GraffiTab/GraffiTab-Backend,TRUE,TRUE,TRUE,FALSE,FALSE,TRUE,FALSE,677,543,85451,2,3,0,0,12,FALSE,FALSE
190,Poseidon,surajcm,https://github.com/surajcm/Poseidon,TRUE,FALSE,FALSE,TRUE,FALSE,TRUE,FALSE,918,762,51459,1,3,0,1,0,FALSE,FALSE
191,buscloud,loongw513029,https://github.com/loongw513029/buscloud,TRUE,FALSE,FALSE,TRUE,FALSE,TRUE,FALSE,870,760,6110,1,2,0,1,0,FALSE,FALSE
192,duang,tcrct,https://github.com/tcrct/duang,TRUE,FALSE,FALSE,FALSE,FALSE,TRUE,FALSE,122,88,128,1,1,0,0,0,FALSE,FALSE
193,ZFGC3,ZFGCCP,https://github.com/ZFGCCP/ZFGC3,TRUE,FALSE,FALSE,TRUE,FALSE,TRUE,FALSE,1106,943,7310,1,2,0,1,0,FALSE,FALSE
194,sinsim,WilsonHu,https://github.com/WilsonHu/sinsim,TRUE,TRUE,FALSE,TRUE,FALSE,TRUE,FALSE,400,331,3052,1,1,0,1,4,FALSE,FALSE
195,open-cyclos,crypto-coder,https://github.com/crypto-coder/open-cyclos,TRUE,FALSE,FALSE,TRUE,FALSE,TRUE,TRUE,8638,7855,46129,1,2,0,1,0,FALSE,FALSE
196,goldenarches,sfx478076717,https://github.com/sfx478076717/goldenarches,TRUE,FALSE,FALSE,FALSE,FALSE,TRUE,FALSE,668,562,18294,1,2,0,0,0,FALSE,FALSE
197,oss-admin-parent,zndo,https://github.com/zndo/oss-admin-parent,TRUE,FALSE,FALSE,FALSE,FALSE,TRUE,FALSE,680,512,14826,1,2,0,0,0,FALSE,FALSE
199,Fund,cable5881,https://github.com/cable5881/Fund,TRUE,FALSE,FALSE,FALSE,FALSE,TRUE,FALSE,873,687,4176,1,2,0,0,0,FALSE,FALSE
200,te-empl,wangwang1230,https://github.com/wangwang1230/te-empl,TRUE,FALSE,FALSE,FALSE,FALSE,TRUE,FALSE,552,485,29367,1,2,0,0,0,FALSE,FALSE
201,elective_system,ElectiveTeam,https://github.com/ElectiveTeam/elective_system,TRUE,FALSE,FALSE,FALSE,FALSE,TRUE,FALSE,739,585,3692,1,3,0,0,0,FALSE,FALSE
202,WMSystem,Rocklee830630,https://github.com/Rocklee830630/WMSystem,TRUE,TRUE,FALSE,FALSE,FALSE,TRUE,FALSE,9037,7459,100424,1,9,0,0,2,FALSE,FALSE
